Площа,Кімнати,Відстань до центру,Ціна
77.42105188577071,4,16.771883987657834,677.3891823680725
182.11575104134565,3,1.0073271443285483,1885.943577383388
187.3136768862884,1,16.710899564328002,1797.885572286765
153.48536472192782,3,5.578008068213381,1491.7708112925236
86.24927001845785,1,10.750272211779683,717.5247280259655
162.3975984652991,2,9.38908146918363,1589.9215359558632
160.19842816532136,1,3.0608667538296555,1514.7050191026653
107.59221944512097,4,7.416448200655297,1035.862160668913
121.28743189938895,2,3.5649468419067283,1270.3026019877602
190.6393046147121,2,9.027997162286644,1796.6856233628769
187.841067114603,4,13.188236930687133,1704.606804067417
79.9540123391294,2,13.88282991236097,818.3260541867413
77.40622960794336,3,1.9956358589575491,871.345104030223
102.30458176552231,5,14.530617652437943,1216.0861730333204
109.2762812964565,5,18.1997756619028,1087.0780318053082
97.01750800764488,1,18.339361046562317,993.1314001713089
113.0809037565393,1,17.732983339733014,1192.3505415878392
130.5760435042282,5,6.186370618182692,1481.4628712830086
104.2144936312323,4,18.35967409250312,1220.9261469779628
148.67090761866285,1,3.0932609114662872,1528.3647390026936
129.00070755443124,2,4.845245104335173,1186.593901786614
170.57834464864217,3,19.10647765188128,1659.0474949576828
194.26062661950488,1,5.49269571127837,1868.417658188804
74.49773686764195,1,19.207118799063178,593.9357078544929
77.51423874909793,5,3.340986926438716,581.1876510818363
51.654549976959736,5,4.782222912297737,682.4847427443074
88.96413606450207,3,7.0363456581279165,936.6779800252345
186.82139471543235,4,5.068730274076061,1825.501758696904
135.7186044452685,3,16.231959579082364,1336.678789614527
186.20906178124588,2,4.734758568037215,1864.6122748732014
69.42366703364209,2,12.349488257021063,613.7668345622293
151.06076566060818,2,17.340821767490276,1497.5316447949992
137.0467163843847,2,7.7291617927806895,1432.2090361574753
56.87647102148012,2,18.932103898722076,553.5706263015835
156.3821027235219,4,17.997348531962146,1428.6258399481364
141.3977398246888,2,7.790402645531582,1281.7957107451737
83.14970969449108,4,9.600880506863012,883.0540974623742
66.05018593319825,4,18.40899483592828,452.4561609896068
121.6053011666227,5,15.119734722380498,1172.713735340573
116.9277913460464,1,10.310773242369459,945.5298969851748
195.24342105666284,2,2.930867886398029,1832.2572672572617
98.60976573088564,4,17.81561963844182,927.9765019906922
167.4395614282684,1,19.716742618230764,1560.2779866759097
137.35548891486417,5,18.77995406927267,1401.940868548921
88.34724360989769,3,14.604049995237597,814.2745833833068
149.89864098854497,3,17.928434800707652,1576.8533511128692
100.03218421063646,4,18.57602550031233,1114.3843451058153
123.51976887202404,1,4.700227142631309,1326.3782783641293
127.41151453214995,2,7.375625448979175,1291.400036022328
84.63809777334309,2,16.466455148572997,707.5713294351201
136.0830146536228,2,15.97724750493907,1214.4219771834432
121.25855870043743,3,11.984282803584236,1224.895067125732
64.78016681909716,3,19.55046405829441,676.9513127639318
180.03184301134903,1,1.7457239470402346,1870.2379767278503
150.13891718816384,2,5.218755309321309,1439.8408345632029
131.15274539104192,4,16.9246373570304,1265.9282236679228
165.43412302408365,4,15.954786284623609,1497.182889541321
141.8364305338739,4,19.978873945994472,1404.750905061137
69.19515584606415,3,10.323387432685365,684.5211447029394
67.40192894860301,4,17.916648522604945,684.2854008685533
79.03441088004796,3,3.838983817753556,812.5849451341776
114.16485767672751,1,3.072511220981366,1073.3202868208564
79.9056255215078,2,5.814862027450589,713.6492039786575
178.53563649078444,5,13.154322345355242,1648.4139399538744
191.70344726463082,1,8.035615209774498,1818.1361558071453
59.145124348550894,2,7.877505901005735,581.5040133492611
85.15109176076066,5,2.0243380560675277,835.1266405635706
70.16426542533922,5,13.225875731174002,638.0056457543643
182.68609335847924,1,3.616745939079976,1961.7842149650983
189.42110653585996,2,18.80320346139096,1980.3270686734932
114.91322803181187,1,3.405914111620406,1089.7824630912135
162.48152380658166,4,10.541780422348094,1578.2277324074932
198.92845733306095,3,19.821350339120997,1862.8109490275924
148.94894682238208,1,5.3708078824332635,1492.2979688814987
133.2638609583731,4,10.824914793716705,1280.5364168472036
71.95723056485359,4,10.046871290454256,753.7382828399828
53.58967018426938,5,3.24351893100904,547.2594219023417
185.3243028810276,2,2.8044851354384797,1852.7398632106826
108.53522916352199,2,18.26553465278048,1067.674909988088
106.14456827128605,3,14.185518418425527,890.8418623895657
185.7213534556927,1,4.444312644354117,1728.326858407828
161.26367626804426,3,1.3580462834853604,1576.655730185842
159.73019431875304,4,11.990663653194252,1497.7312311421
84.67674120525598,2,13.681071344811151,933.5582465094964
103.76744672634095,2,17.986470739266984,1156.7069337234811
155.4863252089913,3,13.753555810581082,1653.6285686056158
88.49655629524409,3,3.2530734566048256,871.636263500163
112.11452296172612,3,5.584418476428087,1148.7636238416399
148.66465394261766,2,18.571943600640758,1289.0939865187067
65.85992227088003,1,19.515123503106647,612.9986921866154
82.11612177571266,3,17.970658830834623,808.4730309141767
116.65176275968118,1,14.851373780964746,1172.36878924845
187.61814437295422,2,13.998580674641563,1945.0702767121813
79.7308675325299,5,19.738739963192074,750.0268660603787
198.60210881228716,3,6.068106272170633,1869.7878445541455
111.36449917490667,1,8.496010040260254,1087.922716032924
67.87007409400368,3,4.50794377967374,531.8151892703353
159.26481644675079,4,2.600781109388536,1595.8224056254885
73.81563899194661,2,4.947533595038861,714.4768795418788
86.31008420675983,1,17.325558907779254,749.542201690064
174.29484606867322,3,10.073681009741705,1669.7344648006833
63.91669487812665,1,11.890008023102522,388.061896125137
130.95118178620623,2,16.7123652179203,1394.702487594538
99.96342364510534,5,4.811795706529411,1214.6868465313225
116.347947786008,2,1.978322626651314,1383.0470720870708
63.88530344327788,5,13.865717924151282,625.8409179326231
87.74268467191153,5,5.586772002044441,969.36607483359
173.41325689770056,1,1.551099096770928,1497.3687131213005
55.94741561114036,3,10.75298756072276,693.5223836604114
53.61875559517002,3,10.354488797860855,547.4540590163418
122.21680220229338,1,5.018909123556547,1175.1538595614825
135.4048192805219,4,2.2566865532253533,1428.519735178716
67.05780975303283,1,2.2270824755361813,814.685686258366
169.56632067433065,1,1.8228181652025581,1760.5918899381156
116.10185402631876,1,17.16810139644676,1022.3206004394151
131.89596472947176,1,9.84762862763578,1186.9346612017534
138.98713676740005,1,12.045707907812956,1370.0731409387845
134.03363929692546,2,16.419222045430203,1393.1069154565087
107.96848837799865,2,14.704610407610685,1107.8479375385432
135.71298631458035,4,6.418592989327811,1267.0290709612373
158.604657946514,1,14.775241844705496,1564.5331051965074
97.99298813023506,5,6.8310242218329655,1003.1057164219783
165.51891556210802,2,13.041559487494537,1807.3478074665957
171.2199695419854,4,3.4966858662416573,1810.0866231186842
135.31993368166167,4,17.813137677925873,1294.9916770711986
75.63766862112902,1,18.441885236618006,924.8973582675229
54.15406525494923,1,14.648414795844124,380.99126719513083
153.40350953246423,5,17.062444896846827,1636.3604422105313
193.2209586494575,1,5.293897169672351,1754.0345231300112
102.70339905954859,2,17.855190203945785,814.0289960298683
76.86840200970227,2,1.0905271460079002,702.5993159418613
95.25636821283442,1,19.53386419337898,845.8808105010064
81.47270045328412,4,13.984457911224547,781.470869902474
131.42633310967847,2,4.957627740643192,1267.2661397384866
168.23351983847655,5,8.286710929214019,1712.8818316511424
170.58804140963355,1,16.187176914949156,1738.8154802861447
150.64915491045522,5,8.423121308871757,1671.2303661728292
84.17651950054733,4,10.227249509277454,879.0233331621669
154.43907904635353,4,4.0466868383720564,1623.3962194467508
111.47746456737025,5,17.00212234622359,966.8644797448703
64.60414323759778,3,4.347299568037771,510.2108647849615
165.82994588512145,1,1.1265098678220211,1581.1951182532655
180.1806216317152,2,16.390035712345913,1901.4526622788096
118.99672618698062,5,17.60847761236882,1240.9715165346643
78.48440782932674,1,11.997535438770509,830.1899877692064
155.36135450231748,3,12.066731871766505,1556.2799914547384
59.669431392523464,4,7.204673807843777,560.811280757873
190.12562229713367,3,1.653025333198539,1932.6396603903986
160.04690440202148,3,5.656679276915375,1603.8779839506951
180.8921532819209,4,4.757281739655953,1715.7299962519055
127.62620334340839,5,15.143266303825854,1270.7055163462087
111.69123485463693,3,16.361748937226565,1157.4291403788852
108.25526520312292,4,16.9820535740623,1149.7345888008983
145.08116343994254,1,8.925041543617162,1538.0341909919537
163.43581708099603,1,6.8165711459019205,1579.6752355494673
57.87632881922269,1,8.728771735975224,649.6216728932469
95.27104388158115,3,16.52988760347329,994.5496416632576
88.71025083732377,2,10.809789912210231,1014.4724017333419
65.49374921474346,4,12.143287356721524,696.9238349837376
113.25038050718575,3,17.27435840219152,1199.7810435369572
148.9921286500636,4,17.24264785756527,1772.8322410250712
112.75216322996867,2,3.279765968971199,1048.283469385115
153.2774692468396,2,17.653665127932587,1460.2978147662116
100.34613920394472,2,11.205710283129761,862.529964433897
91.86293856236645,5,13.940287887512866,861.4888635043433
155.56384804502216,4,1.052842644752159,1500.6736507425899
139.51052729405205,2,10.475167574351333,1368.1240371219499
112.25068143228089,4,17.043639000603385,1133.9529741839524
64.57221313124887,1,6.47841434647067,764.4635771419573
147.82971685302982,5,17.542181253132362,1539.9425192502608
166.19867385589018,3,9.390911234444474,1762.6172689206792
125.62880782698787,3,7.23016452562704,1204.1342014570953
130.57027162680293,2,16.719897551290078,1023.5835601461384
73.17673558492312,1,8.0089792033878,605.1151058234824
189.96759849129492,4,4.263059709075681,1820.235853747732
131.51223053199627,4,10.027532984988243,1183.9912143702197
134.09097085469898,5,5.766244534898348,1260.0417215935156
133.14929217395624,3,2.3222997684596782,1383.8674659260723
157.82949197888144,2,12.867525126505814,1580.5176617232648
198.51163254372148,5,4.212702697355257,2038.012437780138
181.0623808996296,5,4.206598953496,1781.3039784163695
150.02485160507052,4,17.437456259484087,1380.7064662160547
138.83285007458966,2,10.798352884584665,1427.4120234119696
183.08746258037579,2,10.058590839847625,1894.8792897903227
193.4957158610855,5,5.225471574819865,2039.0339929030713
62.376632929026734,3,12.904244065072943,610.2831666992905
139.83508579600397,3,15.065593259765919,1203.2771907890142
64.17749538740601,1,16.620093297969007,602.9909171873738
88.70547096451597,1,5.938162096131783,819.0849816662617
103.73752620374967,3,2.4553201891286163,896.1506849380689
183.74955709113044,5,3.2364036179050943,1950.2652146296614
111.90148071488076,2,4.213807587268714,826.1466616080932
82.47321953705907,5,7.777316248106074,802.5045623591216
121.92789692214947,3,15.651412920455819,1256.0351714387925
199.4500350722845,5,17.64316614317308,2061.179681375884
138.52143054290138,3,13.796035581543194,1381.1328980189764
141.22850273577046,4,19.237993429861476,1463.191348215763
170.77296150772477,2,6.091731677352532,1804.658539181065
163.57090797546766,1,17.595775371513767,1416.677316395648
61.52942255491543,1,18.25259090645942,597.5442999046268
69.49876568116393,2,1.1979994275019448,549.0922474861277
191.96959484556268,3,8.40590806696881,1934.3576093981171
123.76972661081761,4,6.790569857259731,1143.3925474120142
112.00030965466678,1,4.935385139691256,1086.4447809292355
88.77799425310306,4,6.2994076506489565,895.8142049023625
109.11636378888565,4,18.16188913422178,1053.9391659152136
95.21348512758729,4,3.316717507177561,823.003085585895
51.697989155886944,2,1.3463904976862109,532.9057081135533
56.47768479232265,4,17.78302894648953,552.9544775018486
85.07518641096803,2,7.97987955547071,863.7081710423639
87.30639835913874,3,3.275536726212972,791.5093601491734
144.48269998567355,3,19.961676655560915,1471.544231117401
192.70928228168808,5,14.76462441400121,1822.3305749921474
191.02844392091774,1,16.910262193372475,1855.6227851583249
164.74999449029974,2,13.067275219548751,1556.075268813193
90.9955920112966,2,5.125660292300239,762.1733969661905
53.17593667569279,4,13.804187970929592,463.5301517325379
54.58364891022532,3,19.653643825673125,452.16461085268054
190.04846757421643,1,13.240955034117384,1892.0106532548796
146.8140455117146,1,1.5541955023955216,1450.6408611761585
93.90579269861591,4,12.675680606285628,930.7793235298859
123.25600847733915,1,13.74411720906178,1342.9522510995741
179.40154104550933,4,17.181635777127934,1750.3912531243188
116.56582695752049,3,8.322051312517505,1251.292425318728
195.6473633685463,3,4.567970178080118,1874.409911180519
145.52797121810013,2,12.608620220995443,1660.7348753633978
115.56854443097768,5,9.136867414500452,1128.4597565947397
130.13937863472364,3,14.75438003802081,1341.101590236315
130.4853692385265,5,2.207781052663382,1418.7441719230499
116.45933496515688,3,4.497539705156932,1246.368997711619
117.87257890899376,3,16.082669241372344,1190.8481113049984
147.30694964845395,4,2.2783978676652796,1722.681373185393
189.2566359372137,1,6.328444990569035,1774.8615810770846
128.04889356362185,2,15.340957750891667,1260.9506658934838
163.62644666467344,3,12.369073757284882,1692.8876259478589
62.05640041894658,3,11.656602563106928,730.8741798211536
199.00636959132652,4,5.191984267825864,1964.8833949698726
161.52880491603867,3,16.220018013663186,1623.8076776731268
141.9982612718058,5,3.7777280454641953,1627.7470556777016
129.24404798926003,4,14.672846285722231,1433.4142712545615
144.441007656273,3,12.58335565198851,1485.3813967565836
78.48604128884551,2,13.701574477229867,711.1048795750295
174.76735575759835,2,7.8642782622033645,1978.6777250870873
138.8307110633856,5,9.917993625407364,1184.444734849289
61.05100792789996,5,4.1872285390107296,812.5829255983682
63.607019501009006,1,11.957283166557678,504.7358716094638
68.76496739391956,3,8.64418114572182,737.3581331122472
130.51320525037102,3,2.6122469761643634,1210.3488173447777
80.86023608094091,3,7.703596233899802,924.2303471654412
195.7419701761113,3,13.576477884378708,1831.8753932521033
90.08922550902335,1,19.7690693343001,877.4311618438887
102.73213143692365,5,9.194959061949818,1085.804278776393
160.07457594788627,2,4.377223024389946,1697.623579519938
131.01191051185347,2,4.42847489093409,1325.966690317862
77.9983720558439,2,13.432769980031475,832.6877472524785
118.25414284254214,3,19.991310184722444,1160.9972034469656
56.49834893225235,4,8.975536842504285,604.1782786058927
127.80169625730767,4,11.70303941418531,1178.7637875697242
124.97459993152985,3,1.5721383270858214,1221.5300830484573
199.71986091016717,5,17.917108181428627,2094.386484947088
77.29814776811958,4,7.089255111386141,881.7133638462735
114.40605792589498,1,15.178487453067454,1227.6525906378859
167.87978846328377,1,7.525820062482508,1632.4745587118693
141.967342509071,1,4.6691106802379725,1241.5030490829342
182.20201862784182,5,17.273367004752778,1904.9180354588016
58.11248502932842,4,8.871176583080864,700.6622609392691
96.58327085238915,3,10.515760004814727,695.0000370869025
147.63241296980084,2,3.2678941112257776,1320.9458195335158
84.03855933402924,1,13.864572227928814,847.9965544445986
82.17031609470234,4,5.713345438840396,907.5209051377684
135.2005538582255,5,16.223068385417168,1264.342831370476
126.13762043935961,4,17.21332023485851,1338.8564937683648
168.52657069651931,4,2.6135738037836727,1677.008327457417
76.68789177357114,4,14.698034165226789,655.3383720431287
144.64764279566265,4,16.340342654513982,1312.5428063284087
91.80487230787719,4,3.3373230126431377,907.3189237518063
150.38391374571887,1,1.6671899667349521,1440.7138828191066
84.71009937772466,4,16.62826062729807,894.9462002420237
135.5649467841664,4,11.108470559262091,1477.3584490124877
187.76574629978222,3,5.511182763934984,1931.484304742144
106.88448449598798,5,18.1917270149156,1173.9022681114916
140.13835640132856,5,10.307384419051626,1304.0292354150063
64.49089553294162,5,6.392111759406262,647.3104851150177
161.03009449556134,1,17.848932402127353,1479.3305126620241
105.17939146034182,5,18.510680276053353,1130.6158132604523
98.05232925694361,2,10.252123816214366,839.7828958629785
103.19641800218949,2,4.614451285445769,1034.6306514403518
172.88169243991808,4,16.303978151479825,1560.8074837531656
98.23296353889887,1,11.656122047473076,998.8477172774753
180.83939027716968,4,1.3812650407600193,1724.560552033889
99.15520572035423,1,3.3216183325430046,1002.3213151753042
58.93012258589661,3,12.407657675319873,712.5168874971203
55.10287828746915,2,4.815539238011052,512.0435459661333
88.15419933392037,2,13.24682840987798,934.9258478101367
51.880183523804995,2,10.005646856820688,630.8498670812838
96.92246038700355,1,19.998624790962374,989.1091800182903
95.27373702373478,1,10.872180973633128,778.6197086949744
179.39447860072875,5,1.4986296973443516,1752.241001793465
64.00059768669772,3,12.658040515781895,490.6656668438354
127.08579242378558,4,9.644766122772243,1389.0835834605134
61.596519190015826,1,3.2412433303295796,736.8597423461032
68.755679354234,5,16.930139557465424,541.5403545010739
59.287365175380856,1,16.044138290008988,464.79903342651494
182.56165413984283,2,5.179238222251379,1830.1206556660138
167.50025543083723,4,19.05945005551548,1752.0565774535257
126.8772680043764,1,17.97461207464122,1204.5892760806871
114.26776834688751,5,8.771800529658321,1193.479483176051
151.12911524292304,3,18.14431950031497,1323.9564761382662
152.25215719305558,5,1.69569039667108,1526.7426148040008
132.4706165260003,2,9.873363134623181,1430.898388208917
161.77164522404524,2,1.5435634787896895,1770.1644280294126
187.26574385613657,4,13.237537748802819,1726.9976426462251
137.03050060270755,3,2.2028957517112095,1268.9867972390093
161.29113026974022,5,12.954015101757532,1548.8067115018014
156.91437100663344,2,12.376684698465036,1547.923388082332
141.85321234855644,1,12.15609181845534,1516.1044444102326
62.90598883599733,1,10.526585800691823,723.8770901012562
187.83593667750165,2,18.847544883388625,1963.2064372834043
149.1420778651241,3,9.373701047290414,1299.546599625024
134.10980319684802,2,9.95484584214141,1436.966828780503
102.26342577818804,5,12.48236225356819,1069.5248569944
101.39426727576847,3,6.317065214196221,1255.1009731375354
161.08131421357277,4,11.052866277938742,1582.3442947464105
150.68208337815796,5,17.541848651957203,1431.6592008186033
174.66676851400095,1,12.651455899957728,1781.5504411410384
144.63192362658873,5,15.352054156275207,1390.9436746997335
67.76198722033156,3,19.153750274162405,651.8516009767296
146.19552029305453,4,11.773481697598868,1360.8324349354918
53.85373706446381,5,14.89788050609583,598.795318529394
124.3709847872945,5,18.972141137209245,1071.9750344602865
80.70332408031682,4,3.3203019483519265,864.0202038489866
50.34310388848138,4,15.896563947334894,370.13664528096285
124.00005108745624,3,4.403318095160995,1475.8792112243045
62.137669507200606,2,13.617656857774174,698.2751827999998
142.1970290180912,4,8.331902496783549,1386.718453967122
89.08135321761435,3,18.96878665143594,794.5584883068693
112.26536400350048,4,14.938360945541813,1188.1841685244212
152.47289524159598,2,17.47499908128546,1415.8601227509494
195.3671096418745,4,15.065794270614202,1938.3228386526514
83.11843177959989,3,1.504571435721195,1021.1251143745045
144.15847990151002,4,9.283461351892342,1396.7270185913897
147.5082383895862,5,3.6059711271452524,1350.396933143027
67.06464238256564,5,2.364551632526897,820.1849881789292
82.28731727063175,3,14.132487675540736,834.7229532198105
182.44275553551788,4,3.045511937330646,1876.87626825973
145.03860284074494,1,13.167794433002827,1408.2925267484184
171.319486993525,4,7.73745482815049,1727.360447794443
103.50255044123202,2,6.382915505610866,1132.6747140960076
94.75908252306999,5,12.765533629370923,1099.002562879753
56.124771405794874,3,17.095982511754467,568.5906952698555
169.22219800876442,5,1.3871525681997303,1748.5708957955956
136.77337949287042,4,12.916788573562851,1350.0823227952294
164.11684007687978,5,11.913650807257488,1437.394424236971
74.3628302792975,4,10.51765987875153,829.8854740215809
168.66877583086196,5,16.314482730664466,1693.8270010419913
118.60141628700103,1,2.4124277911889305,1262.634322839946
192.92137584875564,2,19.637636796909817,1899.9168359279663
169.69735526601258,1,8.738730703130603,1685.993588052782
155.83784918829997,1,3.1136323657085416,1588.5986860387306
58.8901243867314,3,8.626983237949062,531.2447440506621
194.4006165338535,2,11.369651668512263,1886.0555437971295
160.9115136961214,2,4.6946835750929825,1609.0553145078509
135.14550725498563,4,5.916460912071894,1384.3551971262334
140.62095291084333,4,6.070658334847824,1410.3119606073678
76.76206568216763,1,16.701901379065568,726.730392511855
75.20703875204451,1,11.556223629034378,667.9643312672963
85.37720953007624,1,5.260092613605466,733.515702055328
139.0657998862689,4,11.480714722518229,1403.5796996489041
174.185064321663,4,5.068664587411797,1816.293256147976
95.81064237794425,4,6.481546669483359,1073.4310277238883
60.84596368853627,2,3.840813595503807,579.9810930306643
182.70915749446684,3,1.8723816838959122,1987.4310970675342
106.84744150774758,1,4.408257676094225,924.6379049498362
130.42309529069087,1,12.936840168831205,1324.9751467056287
110.55291477203187,3,2.6994529124597273,1197.514429934279
125.65574243520767,2,3.9550736942684392,1140.7285651717157
132.55666040237298,4,11.738722926482321,1368.8670829153302
78.99278721657254,5,7.923804202283612,823.5767267656048
183.45310711239995,5,9.048313694850526,1880.4815591349018
66.52627366073254,4,15.334851191050381,580.3527120561814
195.98591660204661,5,7.339293130699557,1870.8918631434278
159.90455833157029,4,6.479034438991595,1668.6751285438036
140.14593583538536,5,11.18774488302314,1516.144593713406
166.12694089599694,1,4.394902398778523,1456.3435545449659
171.25422687823976,2,10.615464836214281,1775.6888276174282
166.56681077189336,3,1.5253204292810865,1759.3319686315645
157.546705960973,4,5.052751525212138,1432.0671260473598
90.39374422312319,3,11.095149753481454,987.1731329986447
156.75374855026416,3,8.503854467978163,1385.1190346518788
153.82825604047756,5,7.050637233229862,1476.948899207839
194.18667527505056,3,17.09100019079601,1999.7271463156535
164.1712745002019,5,8.372044129004475,1948.1819971463992
175.1962596970347,3,9.541770717385857,1854.6223046852697
145.6511507033651,3,17.284032653999798,1391.7881968390316
131.93509000234883,2,15.020128213189777,1316.880219399558
110.40067985523903,4,8.933560437512039,991.0272611627817
153.9590345966741,4,13.43264627090853,1406.9186473208351
55.18796691047115,1,14.89496975290249,618.1119497384069
53.76934047567971,3,14.991164821099332,489.4447757537848
183.45251052670181,5,10.274878911812543,1789.8561099529804
134.75400580714543,2,18.04007583584923,1053.2282722608884
182.72314235105708,2,14.898149442348004,1856.031398937345
198.0125601434213,2,2.8884558561382034,2027.3693349076782
121.71420721734692,5,16.31191305891189,1323.0447507910162
193.81548861166047,5,14.468048395807381,1955.3744193091184
53.797243744354276,1,9.586264453019457,761.6322044432236
160.83873211690258,5,10.30701358563656,1788.677586663088
176.33045979063235,4,4.171762736374195,1752.7258040547606
102.29359770580257,5,6.704502666449237,975.0437183900603
61.703675244379994,1,15.987400308376042,759.0405858595775
142.63656000964178,2,4.779661433153056,1502.4968447269168
176.9954523769398,2,7.502295784864314,1903.591681830912
163.5077506836576,4,16.5936215001107,1720.6654270141223
103.19457197180124,1,15.516772439176794,1118.4418206028033
180.08407747285474,1,11.899746237305013,1737.130549732661
133.36921705059362,1,9.760559918245313,1251.814811700421
183.63233800567286,3,9.434515551953162,1704.7611537451346
85.751520464518,1,4.8887409597629885,904.019882822686
192.0555834610177,3,10.072370356481436,2009.951203525992
166.52506642507507,5,14.591556638219313,1503.7602444930988
176.2301525302812,1,10.869410564117553,1868.1536664792852
163.10288380218805,3,15.409705124459443,1668.1662160863302
90.3837776986111,4,3.780376995683794,714.3272776615296
153.05876968322036,4,17.352488639512927,1446.8173238095171
97.2563465677398,2,13.104316625316054,977.0503831543641
153.40835718337775,1,7.475518411958204,1562.4127139840107
63.992188904652856,4,5.533162814015109,636.6534873826736
158.78664254602546,1,7.772112995784269,1607.42762809555
190.87390142851635,5,14.195850137196809,1731.404910278017
188.0806919911998,4,14.067502894625795,1843.0006993925
153.8704725387792,4,4.63818125778462,1338.871466730923
184.67987250565392,5,11.292542658477348,1928.001541358803
97.45059313940934,2,2.4342607591288457,985.7633962109704
109.93075913100455,2,4.325405386125853,1046.9653640143372
134.93046096029883,5,3.7951484815848495,1305.40333941587
106.6706133744261,2,8.243932499816836,1153.207846409115
81.10229033582908,5,14.649711920473795,734.4168282038188
87.85317704685565,1,7.9579762921088655,780.8173228194806
83.17429418478402,5,15.305901193105447,708.1786202660917
64.82802820714235,3,3.1366440471895967,796.6234602250945
174.16469722411006,1,18.145054282816034,1708.4224944993662
118.72078408969554,3,18.79876131210332,1193.4320027012
112.09736314169109,2,8.665932039643,1195.114939678186
99.79771045137727,4,10.456543461261244,883.1931303800452
131.67235942156452,1,17.29419002199592,1079.3993775417798
71.93659073442983,1,7.969308482651085,750.3771575220039
76.8429051723216,1,16.00045011606767,834.6086859633675
180.12434583107728,4,16.987678465087278,1859.350382849432
141.77190588150114,4,4.583287170597232,1528.2977706975441
153.2519466702216,1,15.14053390709149,1489.8235984314183
195.43319625781936,4,13.756049709722797,2016.0700935724483
144.51498088989496,1,8.82912464376164,1410.3383727054734
110.98737888588079,5,18.538151984165978,1010.433878458106
54.11968685040215,4,2.574950285409362,632.6072814506964
108.6158127898961,5,6.177372684864816,1090.1817093503494
91.9138488631304,2,15.953514221350705,970.2778189582368
110.71385024452255,5,10.539034661260828,1226.9451996029807
176.68340746362946,1,5.081744397574118,1856.6875192145424
123.08667078187648,3,11.076797862018033,1424.4007883388872
146.64106352531377,5,1.2114875599741888,1467.323582346095
102.67626179108589,2,8.702841991498044,1087.9391861093097
123.8751376039253,5,1.5443294915979298,1298.0489543135607
128.22101345677018,4,2.3345604290481874,1262.7225297788293
86.7043713968985,4,11.296418501916198,877.5603597858671
179.15890427389047,1,3.6687512179471296,1966.5385027008645
57.28694430283689,2,14.433620787279791,588.1879333122262
75.91309295123511,4,1.0385520724601482,742.9200091650099
55.13907750542462,1,3.3930057109011162,412.4062595672516
144.25611484409313,3,5.798231008722639,1439.7167078465088
184.26699536939702,2,3.5008458364856776,1903.7885382799047
120.01538545148864,2,16.42701268624367,1172.9149172152645
149.9671496252977,5,3.6468564793819773,1575.6412058978
160.7340331393347,1,12.25494906457371,1563.3943254284857
98.3904465345235,3,19.548789609604444,1007.7150998877063
130.16385066454933,2,4.554686042212213,1307.471759298481
150.01118431176562,3,8.2104069465594,1486.9843301050519
189.73270479996103,3,18.003532466985327,2120.4216031483406
162.16728165744328,5,7.415214852527787,1811.5011207440036
79.40327222868396,2,10.409815090001516,856.5073106863163
127.30077777329912,4,6.7478342474337225,1439.4321563219967
138.4952553323061,2,15.284344420217707,1407.1800111481746
73.55651442020611,4,7.839931240649763,460.4052882656071
181.21805894944586,3,13.874665207361755,1850.1890973319269
69.10714496921713,4,16.64813411323317,696.0276323139761
145.65921792806398,2,11.409569354120634,1568.7682310848231
168.95631005905597,2,12.593178090567775,1664.0312820760578
86.52146256718828,1,14.309092374727163,915.3291964586007
180.2968202671828,4,9.202405643472309,1712.9030325836127
127.44779422282409,5,1.50285576486473,1283.7803956066834
80.85777136511017,1,7.567692373333644,666.4463302385666
96.69645781751571,2,5.588810076562211,988.7703257208652
80.60387034448775,5,1.807196523785863,788.9952559166976
75.90581502146276,1,8.400167081428007,798.6403264622832
138.28030604663115,2,2.770561839568638,1470.5624569936351
126.31202618116059,4,12.250280631285776,1175.5898774495558
97.56052392050842,1,1.1870173714841727,904.6027787816804
78.19580517257252,4,11.005256070842629,894.3697040597245
117.13033097563331,4,3.748948893652625,1046.5667095964259
142.123068702409,1,3.0799449356382658,1361.3605224557775
70.31281394220304,2,18.62445458563872,723.3643944506404
107.68499724387462,5,15.500131262006803,1026.5112730210287
167.8522135235844,3,17.41719895020118,1746.190377111688
127.9788544176789,1,7.7947507892424905,1247.5718386671326
196.6764737857589,1,7.418909339332802,2042.2021914485424
111.66368736491509,5,16.30215261821282,970.6743950084212
139.6261365996197,5,14.216733273250162,1142.330689384676
102.75355298183092,5,16.8466160584829,1130.6517929741162
162.40521091106584,5,4.272412944037102,1576.0608787353356
142.65975088859062,5,6.312264562059727,1454.4869146445708
152.30662451454873,3,15.5717282999669,1588.6955488961887
193.7522106221751,2,12.848682725485055,2025.5198977492485
172.87159796691896,5,18.384541999003858,1746.216737048609
185.9842204592155,5,11.959261539065782,1851.0510318910935
69.5452157062359,2,13.83608623912512,758.4691815806939
192.72815363324673,5,9.135055725435805,1863.5213728603933
56.04144277342745,1,7.982604531839634,552.7171899731567
64.10883825702449,2,13.29739394488629,564.7546750701599
104.07366911148983,5,13.186155375815675,1094.64274370578
63.67811929108359,5,17.523402024885122,611.8570407437094
99.44331494475496,5,14.732177713215586,1181.0891702093757
168.43941334687315,5,6.195460898890199,1506.7665485766402
68.48102629166239,5,16.59932842532881,550.4422491926875
102.669983301352,1,6.291203893758194,1013.4329477034921
163.60357744026427,3,4.4976470463741665,1608.5841332484222
56.28220479376119,1,17.722762991060893,382.8292872843996
79.02370422376842,4,6.845830567357511,788.3339797348561
119.69733296238077,2,12.0714047214341,1250.776027176857
132.11222537020905,3,16.85134650842183,1237.6077515146399
98.81503940545008,3,1.1544319856352931,804.1860373194725
190.3802379504408,5,8.693235746156201,1982.1171731610602
132.84900100272318,4,13.792814129553868,1293.4467200137788
57.26038346283282,4,5.249194237320619,595.3231080568117
145.7183901179434,3,16.05834423298556,1469.6978048897283
87.42206763367395,1,16.426901071430727,872.9637877021263
101.48231985869883,1,9.127682235016602,981.4667413431803
111.13772647674924,2,4.814398039761409,1117.3838957829382
128.5023980046756,2,1.9701602408673193,1194.7326717469389
110.24914868545068,4,11.356814319731457,1093.0512637084119
94.07685311336238,3,7.955482076422141,1079.8451749986314
173.94463493947347,2,16.368291619307335,1932.2937053874298
161.47803422114487,5,19.697659756805816,1526.9165220584118
115.56982131386617,2,2.4165179616518544,1091.2480530568894
105.26050792481998,1,4.71345140496104,1191.634536349318
110.37364524517696,1,11.944988578058489,1198.8063004512271
81.56388096866354,5,1.1228859184958897,641.9497447445661
140.85989554432615,4,7.467102174476094,1457.0394347993786
143.57175014923516,3,14.678940162381133,1334.3223772946353
189.90181340424334,2,11.490863907964895,1853.0667208198963
146.9043285704887,4,6.723461905451578,1374.4582412169932
188.51000111300962,5,8.84179835803123,1988.0373873512713
71.85739439694058,2,12.470095059046896,794.5033952820606
196.82187282792873,2,8.752268140962448,1940.2979352430998
182.47983869611105,5,18.804636138200788,1916.4656305156109
112.4283196795854,3,17.566078052580398,953.2520667508591
66.43007707657473,1,9.346973145635705,667.5926584117641
51.69734880304271,2,15.513918733673767,483.3811996029301
114.46126850187929,3,11.985544092854173,1131.0533276170033
169.05717444401955,5,3.5333129361159683,1735.392540953321
180.88766895946108,3,5.101938863491388,1918.3834173077025
84.47858424766176,3,11.895341397991972,795.4184921319944
149.1979641334107,4,11.398897125569766,1315.7965057093115
153.41064435613256,1,3.578210101282517,1717.8672397046419
59.88941484519289,5,12.11736400450111,566.200331013714
151.04693752278493,1,6.927020981788294,1461.5452725738576
60.27252275415491,3,8.679903382471633,609.2277353943782
152.6619213885956,3,15.081000765054851,1539.2236916070035
138.82334913078213,5,16.621343660233443,1238.0139171984808
61.52132018490062,4,2.042526533856783,737.8089866899254
168.45374412034727,4,16.628080696837934,1738.1695685508146
131.82157636784578,2,7.589374844600386,1380.059979929433
163.18097789763922,2,18.70914195167148,1701.9832146292335
63.62950939872871,4,3.9348018316924938,672.9833288943062
77.24735943352147,1,10.502691897519012,875.9078152611839
111.10287159309954,5,17.81100353157528,1118.1089513724817
155.63552012817166,1,2.545439895549909,1540.0031349737285
111.72027530183209,5,19.979894518808543,1107.5506990476695
94.24824327404758,2,19.587601720741972,880.1113799865567
136.64844752640616,4,8.05695875576144,1322.0608833293907
53.01853751366968,4,18.272519940115,433.10567950989423
197.53495982708245,4,3.5420328124869807,2027.8139591458
168.92158925056663,5,8.94379276121581,1685.1415798929513
64.54841887750479,4,15.54276783583577,681.4954105348082
118.88826165180892,4,3.5624327520189065,1043.4704540181442
79.30468352798522,5,17.642876273908644,831.2884364596924
166.64251291691275,5,12.22773578247295,1602.4377251028714
154.91966978047503,5,2.116159708893518,1539.1643031173062
100.44022989352021,5,14.150518261792222,959.0965914177751
87.93069106163011,5,10.461886765878731,941.024424556013
139.64364049062124,5,15.992214295149129,1392.8456211564537
130.64414331676142,4,8.694559939259431,1233.8846413104395
95.27648859640733,2,1.5946454593589592,1174.6867857543198
60.25155315216323,2,3.234960133606042,616.1603998537043
87.54420218961604,2,4.9912399123045805,975.3610894863009
189.19977327502374,4,19.763856196566035,1942.438610835388
50.369818433337635,4,13.800296060963026,519.1896277914293
115.10099529379183,3,12.617830358784023,1106.9478812840634
132.2051769876243,2,1.1038206617076844,1398.249460060239
125.37836501300549,5,9.952694288561629,1165.220531181183
97.13589078538553,5,16.00898099793308,1029.7644339749868
68.48539862003344,3,2.653691203330564,789.4807914726099
138.60559554617936,3,12.598095888314585,1512.2904325390173
81.274765011511,3,17.049938445092547,881.9138662690295
176.92572848051432,2,9.738702716541761,1776.056418747824
89.20619814229786,5,6.020808683836224,725.5474493999361
113.97252744751768,5,14.05572887854901,1109.3723977435382
105.53541235370437,4,7.544180889154011,1106.84769702656
178.1842884796692,1,13.339271285211105,1748.5850579296323
185.73385358718977,4,7.007229616571243,1946.9639689439573
199.07727985308864,4,14.477199628315628,1810.8899685185372
51.688743137755615,2,4.263350671576166,417.4732804217406
134.66822266632062,3,1.056587811740639,1544.5210142066508
114.55912202894957,2,11.475018623903726,1052.0781085931073
65.87409186893426,5,14.163162633982601,476.355183572368
142.7229249127231,5,6.315002610200865,1620.8728438089283
114.34361945480512,2,6.397545473323411,1162.2629609536418
194.44816960992662,5,9.515968145459016,1937.9176348512008
92.55245646908253,3,8.001432648271518,839.8239648039141
60.33556660196517,1,19.72970827260632,662.1628378767687
84.51655206468976,1,5.040975385888586,822.130310308677
103.27641203366822,4,1.882505997714993,995.5393609552365
69.2424301066931,1,15.341510605372996,395.2668509845165
150.90698988689962,2,18.926471652326352,1495.7078304861836
184.46083894579385,2,15.043649432515778,1882.6713539086402
98.3146860852091,4,15.127868044642335,997.4485788836456
73.88133444817564,2,15.343858666113809,637.1100134234896
100.9486176782674,3,17.920679479703384,947.9830804238175
88.78456268514424,2,4.063349023522823,731.7368578233122
196.71128785972994,4,11.87810462981859,2032.071122012695
163.94354131592416,4,17.05882817298242,1654.1423995469634
195.4152816047038,4,19.829289595490515,1933.027374396662
155.85341913862118,3,8.428947841691517,1540.2675060162164
152.24177019440114,4,9.632257886724274,1486.176246780246
195.6492483376563,4,15.316338735311634,1953.7284689497735
104.53097550135315,1,19.924955257081095,1068.240980603123
174.15544086106541,3,1.9943793378641967,1725.3679904163828
171.6814051335814,4,4.659716446355495,1756.8667427725081
176.04207861883225,4,18.823756504329502,1937.9667293694129
119.10682119961793,4,12.842419452402115,1216.7501848849568
84.33232648200413,5,18.790852473032473,955.7149934135241
90.67148967797996,3,1.6738104959832398,907.2589798606016
187.7867854929401,1,3.2273722133180356,1875.69907984177
160.6854441878948,5,2.3641871271518182,1676.6394967579374
54.34204180028427,2,4.049624408012811,607.3115090606021
61.935071384241304,2,1.2459291246079076,613.2166795532627
103.20209085343498,5,18.218736202118585,1002.9676084816032
176.42196023954705,4,1.4145045928340476,1727.8664276981556
178.43483276373394,3,17.818307457560632,1956.9485496396937
195.49338699015652,5,8.134256332053369,1879.6617577811487
64.40559224619372,2,12.035665750205494,702.539193883774
74.64601856392,1,12.148194094015347,689.7074625310975
126.98222376421752,5,10.24151437095779,1296.9669273468944
194.95755101387684,3,6.761406526059552,1880.457011364056
132.4672416132795,2,17.869885184665144,1338.0520667071078
199.949458042851,4,13.88235809130262,2058.4345409023717
129.12981470733314,5,17.149192273944042,1154.3907308226926
60.066842420578524,3,4.584885176394794,615.1288347031617
157.6306161005533,1,7.124158978008609,1599.6452635882729
169.19410739947025,4,15.635579493686684,1623.9995457733921
187.25728361351435,1,17.42265464090434,1633.6501683215406
176.14023775914694,1,12.922741326932925,1699.9007285481157
156.81713816177955,3,11.492389070017992,1478.096401214599
68.75502020125401,4,1.3605422465510555,852.7384835395846
163.4691149409198,5,16.248292073248372,1733.9287151251153
106.9884414631212,3,17.352540179181126,1073.35035199528
82.06911629617494,3,16.375322499284295,857.2650238916613
99.22070958747138,4,4.378573027929674,926.739444419482
114.91308887543151,3,13.361939318133139,1061.993934158453
161.6173829203251,5,8.344397691659257,1729.396534010077
90.32172854490022,1,4.219560487846519,1048.028404043275
94.29323599797182,4,14.652087627165212,1170.1950131802253
85.59053490426066,5,8.489025035108053,823.2810372779511
145.5513014206988,1,3.743567608074806,1363.5556012689124
148.55704335546935,2,11.974878375401012,1654.6986168644996
166.49952118670245,3,7.5571364759329205,1692.9402314561908
140.60497103590117,1,17.850653720922168,1449.0107711741439
100.04626220051017,2,12.591340731608557,975.8872284796279
174.71969044609347,5,3.211065401464214,1749.8084618405392
177.38870143174043,5,6.005416503548443,1833.004960911885
156.93792307891403,5,2.271497867799032,1622.9651289227086
64.9789570686578,3,10.903928040904951,471.14411742578665
69.7158860202689,2,11.304962190096768,767.0425129751836
110.96952383959905,3,18.095038289794132,1251.1104618491304
115.3975637994956,4,10.299484916614988,1073.1745750533776
91.69218437198117,4,11.788792521068366,908.7852729346426
180.97782926329594,3,1.245904719612306,1858.2304136297994
99.49621023309517,3,12.778671969252246,926.977745830855
113.7794043549341,4,2.3383778034850007,1189.6256600632535
197.0638963795124,1,13.014298874722881,2035.1949448072678
119.02248228179279,3,7.091012097115933,1157.4109739808484
198.72049697567886,2,17.581408388580538,2025.7481757392463
191.6606672994547,4,4.700204820709658,1830.461901735565
120.43171021858456,3,13.228838152908835,1073.2306567385992
115.4446575788499,4,11.40981131122948,1178.258711258574
93.44985007274835,4,18.33984008362561,908.9591718498185
103.3912306903943,5,10.56266902743417,915.9200970750472
62.30931585287874,3,13.786600924817193,574.389703125422
77.49635359385613,4,9.74072215769229,790.2293068965005
175.1697343855501,2,15.923369308091173,1663.5887001740202
190.66754937959124,4,15.285309365011734,1902.877648841999
179.5378965438812,2,18.16555839070258,1903.171021446038
145.01509214141598,1,5.510974944907332,1333.7252367607025
151.17502794185037,5,19.212652340365647,1618.2229391621615
151.46537611768957,1,6.79365300231566,1421.607888102836
187.1192277370925,4,16.06471801644123,1975.3501490112646
172.7833514730055,1,17.521083843787704,1738.0699436194284
168.16171691793636,1,6.913084859744437,1636.7361860366143
145.87338619945405,3,8.897721143464047,1299.0484665473814
159.75511731473216,2,13.95777890572176,1323.9492517057497
142.37594204948778,3,2.7279434209161177,1579.356509057435
189.73992322426773,1,18.569784828525574,1951.2194057730758
74.87604109342033,5,17.131097859057082,788.0296546281295
192.5021450356482,1,10.742982825505687,1949.3878405543746
88.74086702060394,1,2.5486307691639545,798.4855878523839
135.68110184342953,5,14.709847041926986,1100.5770421319505
124.3548145775166,4,13.946593638563822,1245.8271673784996
106.74567842986137,2,11.172448701194819,1176.756897994815
197.6710328180629,1,19.264108224496677,1888.2838070060166
71.814062916946,1,15.219095471381767,964.3635938034924
121.26039369830798,1,7.218885281745709,1233.8843523489666
149.72755100180495,2,13.473536787590586,1607.038488699288
109.96145249413559,3,1.4708462666144966,1321.2785801119492
126.39475599905778,2,5.256275019155064,1290.955469876843
189.62969198422192,5,5.285360550412537,1928.8074880994238
88.21855961777075,5,10.33433992546566,967.013730865945
113.0916060560611,1,15.448751606361492,981.7121812329638
148.57421558199223,5,3.134834519435464,1296.3890406246624
174.882424255192,5,17.52419660890319,1954.2410230712971
138.625180789723,4,9.279810153677296,1567.9234315747724
106.31273211582858,4,6.258672776122196,1231.4833974715993
69.2416438727108,5,6.796191430788439,756.672187683939
197.80024144559158,4,19.592322614485262,1801.665367305013
176.3529084687756,5,8.86101603331143,1735.0448781676107
113.84312187943434,5,16.90591728557751,1184.6499266157425
76.42433873536389,4,15.368987243870428,618.6272593381447
52.064103934342,3,16.91185317444286,540.0967299434377
86.20945502976238,1,15.64550475055845,748.1107011009371
161.53978243318522,1,2.5081692103688797,1578.1933070416376
54.05686276185219,4,19.500730663328138,676.6388705046684
163.30289573562862,2,4.147138611416713,1666.0668134278317
164.409933106765,4,4.487829982571213,1619.6062694077943
111.90006347132575,4,1.8792581260907655,1238.7481131231812
186.04760360314359,4,7.354411054082219,1881.279144854426
95.92505198719675,1,15.458506717231707,725.6697897131405
82.27340677753546,3,1.7302467213436887,863.1220621776382
89.45341626851705,1,10.515982097938881,866.7833277001699
69.31187356151112,3,6.581861604875002,732.6158744649412
94.8887852641277,4,8.931089546272968,999.9475906757342
129.29464242510804,4,9.663435416847888,1384.0863795558605
101.06174945020277,1,10.278720440393673,1191.0450227853567
154.36235100888658,2,4.6729570710125525,1624.7864848618551
69.25561104358887,4,18.49091153364324,740.4398476741544
69.53214861480024,1,10.817611956293433,593.5609916838868
82.52621866422143,3,3.489515911065526,949.084129426764
125.54749736901917,5,13.801855747280674,1263.9297610701346
192.5974388843027,3,6.842700775558645,1686.3210695914095
114.60350993515236,5,13.369887375034358,1219.7967346446194
125.10678427948153,2,12.766261116369055,1309.801111789867
79.41016798149195,1,15.198166150453513,695.3058303347298
140.16877737799985,5,3.1059970218704245,1646.4448266826885
95.03451854801902,5,14.014441806205348,841.7790964702149
58.44747465694765,3,2.0418282270159125,690.6770476976133
124.462099548598,1,3.5552256686766035,1404.0981827831172
128.0514420007617,1,12.912342037265741,1266.7128538165043
136.26689446533697,5,19.480939235227876,1426.0262027359217
86.26502375909382,1,10.371455351185565,833.4083277728107
96.76756903207374,4,6.316026099546498,1085.7249564296553
117.0852938607102,3,2.560887105482586,1265.609226762283
115.22622898425051,2,14.759371598928047,1040.4354665946184
171.6485389233423,4,15.685985167774783,1785.6069144596509
92.1843015870937,4,16.05524224149527,1006.1094401990945
80.24392626317922,5,6.100464185490119,911.4992950690117
189.58248668051468,3,4.061605587279317,1840.34371524897
55.99754808305889,3,12.103712409715625,445.15865642672395
146.03894481646608,2,15.07183074787053,1548.0356487004053
162.40930176667285,4,12.998270891177267,1706.1479051507515
132.3497949344976,1,10.264341417024324,1438.560586915719
156.00163929765995,1,7.377679409318133,1499.3953728208976
185.72227251584832,3,11.82530399113573,1834.270038290575
126.92122868811751,3,1.593951883353979,1229.9880947643487
159.5279812579211,3,17.430560262384294,1580.1997933941745
165.6948727577279,1,5.330799764602254,1538.5961761625713
60.014489853807305,2,8.365912769400152,545.8658735100628
150.5146374569431,5,11.367788620754595,1516.279385554926
109.64114114606,3,7.555817465711607,1058.1041628009723
185.7028811869352,2,4.142312710679002,1668.2500835426645
109.65152766785911,1,8.992220303039163,1192.1032709772453
137.98615492734035,3,3.7009502254642275,1239.5506056849742
175.31302197883144,4,10.887552656792401,1748.1897749341556
134.5236951197905,3,17.367991267780628,1216.4779513701778
131.5880256350378,2,14.393842267060728,1294.492156637666
181.6888078619268,3,13.708101381479151,1715.5066230321138
72.43053154445623,2,16.031673415108063,640.2677893649417
189.34198918792458,1,2.165579753229601,1755.5278446058342
121.8112736655231,5,16.522423255303277,1155.3686684757172
81.95388632402728,1,16.252564319697314,1076.1613350649263
176.04371833590884,3,11.850657502621086,1616.5255358901195
95.09801070810688,1,8.990865454796102,909.2941018112543
167.00606591892364,1,15.123997750440486,1791.9535104022443
82.60390708671162,3,18.649528267081767,996.6305349574694
150.94288104620966,5,1.6400570890706614,1465.570566202566
153.32976340639703,2,11.324128043546436,1605.340314786925
132.35811123882303,5,9.165695211292153,1432.0314717788508
155.68426787199684,4,19.9378638945359,1429.9646633281395
65.83244997069868,2,12.017656343135096,717.7396016632147
113.58869039440977,4,13.247376711048597,1050.464963824794
50.238605721062434,4,12.043443152901931,570.923428097325
157.46451045646808,5,18.131418459965708,1566.6626730994221
52.98373955125691,1,15.015093503668016,410.41218480635507
67.47286564876495,2,3.0281937125932203,527.1899658917735
173.76023345443076,5,18.849472034725505,1502.6544521616943
169.5925893096005,2,6.181959070765169,1733.453077408672
175.97038580382136,4,11.562966516477385,1680.5806644038835
188.87483008617497,5,19.883286120325295,1983.2172119845422
88.39821478741592,3,10.208419038823568,999.700539313345
51.1168752024264,1,3.845131082247078,564.4795845696596
62.135217798067494,2,3.3326854173730265,622.043439053297
53.90009271949194,1,10.088889972476641,554.3992567986829
187.81105159995437,2,6.592680454002689,1933.7260162826087
53.14680931316113,5,16.44675548864221,333.7198238780351
76.8181812134333,2,10.045968534540016,786.877691253083
181.84082080879125,2,1.9241495456209972,1810.096327260162
77.9681408661296,1,9.72407550830156,676.7949003027409
73.5702820055383,3,8.450408668932553,913.7133595134296
195.1162318896195,4,4.171178481068917,2029.636543091213
166.22183412008548,2,13.651088864901952,1785.0178919685281
102.48126607181115,3,4.4377026569949685,927.2246979138976
135.06932649387173,1,5.098590199092671,1406.4485204174828
109.68805198950656,2,11.513805724313215,873.0390883410311
133.9419531713727,1,17.213259110960003,1286.985119792119
94.86678212590485,3,10.840595047730975,777.7283227630612
130.90901273768708,1,18.0182032640616,1247.2185089815084
60.30738177958239,1,11.784744835276157,518.5042087181878
86.15011792961099,3,15.366664565938091,871.92138298786
164.64086462466219,1,4.991643715018284,1687.8006754076093
101.41142586768852,5,2.646502263068432,973.8844324397636
50.15005660094162,5,1.2624222748797478,486.29163485067033
189.3088342424334,4,13.423139998206954,1948.3642906058046
153.43476561141836,4,3.6218597693768113,1649.1914782971805
143.32590500263086,2,14.662923850364507,1370.7533861034333
103.1705591735982,2,18.111091721401493,969.1014290049508
150.81956683580506,4,19.4975544479827,1480.2589615279417
79.85233392036345,5,1.672278323210513,757.0391740774483
144.2339368986511,2,2.8556045663097995,1488.4186742405675
91.31341666589095,5,9.674827337064384,960.2234022063332
127.18423491897484,5,13.363017512543658,1295.6339764676545
119.57176825512727,4,3.091908615887617,1120.5864512258174
186.7230869359857,3,11.185553689840468,1936.6426602321949
133.839461672658,3,1.4373987078105996,1247.5882240352848
150.15014169528112,2,9.593981204579766,1364.1492076711963
177.40848320515494,3,1.5275777985005674,1784.81028689999
60.010747690819,2,3.6526108453446597,548.1089801609763
150.43087298225367,4,10.771878205045263,1521.30508625249
162.87848796843974,3,6.647047274741996,1565.8088343273193
187.00447346386605,5,6.929765733953444,1879.0674817507897
167.3265128492909,3,19.790340110028943,1571.9483663801175
132.0859667507184,4,2.6280971262981145,1417.2460942671667
67.31897534752335,5,18.586007094327247,629.9791793419315
118.93004210504735,2,2.9057327732339697,988.6546441736157
197.18530228857847,4,16.96786025331952,1957.595889374875
198.2736795315207,2,6.266477908241763,1935.2012556090183
73.6716624571974,5,1.456077231005776,541.0986360356783
143.78078081446048,2,19.285887130891137,1531.4880060792311
179.51268099019788,4,1.7805553579969626,1950.0848293079064
61.3726101036805,2,12.134360769330241,461.4826656060691
179.18995312873008,5,16.75549369550734,1806.6297314605297
84.57008687638009,1,14.112001402406218,729.1327126510178
132.76231023072705,5,1.3872100944943775,1464.4967071344838
163.8635254598517,2,13.04376168183199,1590.4247602756857
67.00347146672541,5,19.75674734836252,661.3910645925956
184.29439131251806,4,11.605582373734208,1827.375053763988
173.82122733626338,3,5.44764606657678,1860.2759038467022
124.31401833280566,5,6.566769286927995,1176.868514892205
180.45692328668918,1,15.726972813628514,1804.9068985259812
131.20346809220447,2,19.027579599299987,1325.164232823251
144.40473309676287,3,15.263173648947753,1677.3520341722517
186.60418843296836,2,2.2933640116992393,1941.043280370793
134.4604506522274,2,11.528673091569202,1264.8672077343547
191.05643267780593,1,17.783060654560213,2010.7895575777497
63.31108874862933,4,10.808457034519243,704.8223247710263
178.74013394431734,1,11.449633574167082,1782.1202367055741
95.44109654691664,4,18.447163222636085,1082.8315286093157
68.79360146905583,1,10.844003555126717,752.1011270724309
125.84806624411024,4,15.104367930432561,1338.595412457951
85.42593087723927,4,8.515761777049853,909.134949349462
163.03427741242336,4,11.344230621649936,1552.2372420549063
92.8094602386789,4,17.852442429941384,875.7362616405468
172.6219209818522,2,9.195516958987492,1912.235015979931
104.36986749686533,2,2.974689523899519,991.517130520659
82.10749035537305,2,1.4678418172162306,1057.9063233191391
85.65059903083053,5,11.69706844338166,877.4408092828645
188.45657217662907,5,5.523761166671281,1884.1534784538806
185.22718312133844,3,10.258699421691725,1826.1156245037039
190.05366331628957,4,3.9453138618474615,2029.4988558107618
90.69425398980992,1,10.312256322607285,779.9143465542027
98.50547302656324,4,15.984706396184627,901.8372907546743
180.390309388972,5,13.149216713759554,1760.8851563554865
125.06627001303417,5,16.882860602392057,1309.2415928204202
195.8430512438209,1,7.76192492758092,2114.342156919816
189.33268677641558,2,7.664852370834422,1867.2327982510028
113.81991435735827,3,6.568107092730061,1017.047971303062
80.8596033480579,2,6.141949836273475,936.4258707179932
188.756279567927,2,9.75956169221325,1897.9745806424555
101.47467231146292,2,10.321749845880069,999.6449776883671
189.37200039354823,4,5.237059880377124,1854.9525742423243
154.56844753682202,5,11.600126498406237,1400.1509575130478
120.2669840238703,2,15.236807746833088,1039.358873479982
199.96267782630986,3,5.257903827012287,1936.1815108698952
137.76975293853235,1,17.00839844628882,1364.8213611344706
168.72849573374884,5,9.656316566151387,1646.1093136831946
97.77877219583544,2,5.691292951861502,884.991580716804
89.57340450931149,2,2.1150965819893592,711.3413245139305
187.11991895400269,4,9.865543265651816,1753.6590884210177
91.07990589172525,2,5.38479538686727,853.2766264301022
66.1596011441664,3,5.881062744820725,684.082088011846
160.73136721110117,3,3.4889497694626597,1591.1157445850154
115.77924647187491,4,3.1589261765347785,1176.9779500287138
156.87432997555493,3,1.337517735075678,1728.9276371792564
111.74097616364867,3,11.066329395703313,1052.4182138310546
68.51994200136441,4,5.41001682411655,555.189457805162
195.79333670075937,1,12.20336850624419,1895.124226209404
65.18595914866405,2,18.461783239180164,530.6627279115207
187.30833448614513,3,10.095531755498456,1828.7636918333249
112.46656696141946,2,17.783162992436964,1021.6771066252078
197.9854270086528,3,9.89723775938517,2105.7384129576585
195.19609269839154,4,1.7509920028936312,1845.6633933861235
163.22147102097645,1,6.201906532304712,1556.570657737529
93.39268653306117,1,8.787377646462692,1019.5433944621917
65.35373017466031,1,18.496083657559552,691.5188255836088
189.4611910068827,3,4.673515450926793,1864.1313716746818
100.70045812257794,2,9.086927661322509,929.6614433404449
120.2687061544886,5,8.445723181236731,1417.6277750686897
70.78956415590349,4,18.371864909834787,827.9484972531387
121.20226926548129,3,8.378282654895827,1331.0556550698038
153.52732378233014,3,8.097648254043666,1564.4202718287122
102.61655224375198,2,13.094765778323712,985.7514696931082
81.63438780736924,2,1.4563883513126068,824.9993057786523
86.26603784983939,2,1.2765892618070915,947.2588550537962
195.3361808554433,5,7.272807326081541,2088.4464681218615
52.48114124733293,4,9.546813567385842,569.1418306277761
113.02343480579937,1,18.250774294547014,1054.6575156602262
78.8786663315382,5,11.661914329621434,834.9436749946909
159.27407964772675,5,17.35020473632438,1535.5100126953591
114.96590665302679,3,8.0093206907401,960.298918794289
110.03010239567885,1,12.838047786627856,1097.4655355167104
78.5299054397881,4,2.8417378068720547,677.9602902484646
73.18834610471342,4,5.367504275349641,727.8286569813173
89.66151912153285,1,3.5184240845316994,1038.6418666077036
80.65749921489072,5,1.0739019745372764,786.8960440864348
134.1676387719887,4,6.6753528446050225,1324.2657832261316
192.01243164254043,1,12.755176384684022,1813.4542088052017
58.32951206614489,5,5.428312016162329,453.5412862447746
165.8625789866992,3,9.893827672062383,1609.3973329881467
112.62726894254564,3,18.447157817874256,1159.2273788806567
92.6390833000787,1,3.7084466720720526,1070.0865534693285
55.764746871849056,1,10.352866547642845,552.8778815462905
120.05033142328233,2,17.19788985124171,1114.0784275051828
157.14340014144267,1,10.747451138166655,1544.4818236817387
75.54006223899567,1,7.385075995910583,624.731251722637
145.73291401569412,3,16.994742808536774,1425.0214710890355
122.73230596261786,3,13.429019620862304,1251.6495003370499
138.39668390698748,4,1.4797816286711885,1295.007238936927
95.41055514179101,2,14.596677509376578,976.5131120017401
155.98598030371545,4,10.435070819138447,1621.7308839463753
91.74603829657117,5,10.302461655816941,836.706310360193
138.7333427212818,5,5.002870628726392,1409.809100703681
108.3517466796766,3,6.353733170887971,1048.4483976775036
152.9976354854777,3,5.64025172780032,1526.9149886141436
189.27378519513658,2,2.9937511464915127,1930.3899501433125
54.43135684237545,1,6.714246729374602,581.4696283310753
98.76437006507612,5,11.62730713148639,869.299127491062
127.34071057552217,5,16.165103229826656,1130.7525617699823
59.809585080473546,4,18.657436950328798,622.0130797241593
189.52979939660707,5,5.618982126051423,2090.5842418135107
52.203793591205276,1,3.1394933874612887,442.9162919942398
105.39632765734535,3,14.567422475463859,995.99960702901
146.9339066856577,5,4.065573280530373,1391.3625832137916
99.9728936764101,4,19.995261399436057,943.0607744432516
75.88359574673538,3,8.079204248754676,790.4852518494496
65.08615058705055,3,13.229997161098266,670.4319476316754
81.62033221759533,1,8.178386955916917,795.6042193970061
101.07886047985698,4,5.677849771927867,872.1300649868708
97.9350247378215,2,17.80531545334174,1003.4228582805674
116.84133809338323,5,6.718333963114279,991.8631065507868
83.14085054173657,2,11.179210458723697,1014.4957444638723
121.46628887381436,1,5.945243820983348,1277.8308365833898
199.3447266720503,3,4.186224280116774,1898.910474502352
145.30220533475924,5,2.6610797816346317,1611.8150069035746
174.45240535055174,2,8.70540698168228,1745.8973801283885
84.50428984598017,2,12.058839878254686,747.476371443138
124.82703373704999,5,1.1758855274434974,1102.161180138102
181.1939899664344,3,14.669341897133776,1839.5033967403836
182.2635476882322,5,14.167609111250222,1783.4840519297704
100.70242041114415,3,2.48736769007808,926.2564217844495
187.04014105147445,1,12.093426668147686,1852.3742910400485
178.176222560403,1,8.409511369616911,1655.9279766716375
184.3686515015512,1,16.70883529180672,1963.2433280947187
106.52316842811607,1,15.149161152349704,1129.76337670401
109.21210783625695,3,18.380530098528524,1135.8553957871259
193.50388032593557,2,16.01729943101398,1863.5002127755681
60.209651428902035,5,11.447026530787525,411.071068569315
